<?xml version="1.0" encoding="UTF-8" standalone="yes"?>
<addon id="repository.SimpleKodiWizard" name="Simple Kodi Wizard" version="1.0.0" provider-name="SimpleKodi">
  <requires>
    <import addon="xbmc.python" version="2.1.0"/>
  </requires>
  <extension point="xbmc.python.pluginsource" library="default.py">
        <provides>video executable</provides>
  </extension>
  <extension point="xbmc.addon.metadata">
    <summary lang="en">Simple Kodi Wizard</summary>
    <description lang="en">Best Kodi Tutorials</description>
	<website>http://SimpleKodi.com</website>
    <platform>all</platform>
  </extension>
</addon>
